{"thabet": 5.554131721033818, "rayen": 5.554131721033818, "iheb": 5.554131721033818, "montasar": 5.554131721033818, "oussema": 5.554131721033818, "abdou": 5.554131721033818, "ahmad": 5.554131721033818, "firas": 5.554131721033818, "souhail": 5.554131721033818, "amine": 11.108263442067637, "fedi": 0.0006591812786993136}